{"cameraMode":{"drawMode":0,"name":"Shaded","section":"Shading Mode"},"sceneLighting":false,"audioPlay":false,"sceneViewState":{"m_AlwaysRefresh":false,"showFog":true,"showSkybox":false,"showFlares":true,"showImageEffects":true,"showParticleSystems":true,"showVisualEffectGraphs":true,"m_FxEnabled":true},"in2DMode":false,"pivot":{"x":-0.4318781793117523,"y":1.3081581592559815,"z":-4.725167751312256},"rotation":{"x":0.03670789673924446,"y":0.9627050757408142,"z":-0.19667313992977143,"w":0.18522636592388154},"size":1.3154022693634034,"orthographic":false}